text,embedding,metadata,level
"CÁC TỔ CHỨC ĐOÀN THỂ
Công đoàn
Văn phòng: C2- 214
Điện thoại: 024 3869 2742
Email: cd@hust.edu.vn
Website: congdoan.hust.edu.vn
Đoàn Thanh niên
Văn phòng: C2 -208
Điện thoại: 024 3869 2751
Email: dtn@hust.edu.vn
Website: svbk.hust.edu.vn
Hội Sinh viên
Văn phòng: Tầng 8 - B8 - Ký túc xá Bách Khoa
Điện thoại: 024 38 696 166","[-7.46266916e-03  1.80491120e-01 -3.10259253e-01  3.84697802e-02
  9.05208755e-03  2.60816574e-01 -2.13612337e-02 -4.59852181e-02
 -7.03719482e-02 -2.96848230e-02  5.59602380e-02  2.23054737e-01
  2.28305772e-01  6.91912174e-02 -2.75224354e-02  1.60577998e-01
 -1.36100799e-01  6.13280497e-02 -2.81988055e-01 -2.27890506e-01
 -1.38255805e-01  2.30317086e-01  2.86171407e-01 -1.33779049e-01
  5.27771413e-01  2.11091980e-01  2.04815865e-01  9.88100991e-02
 -1.79745629e-01  2.69533455e-01  3.48571986e-01 -2.33181328e-01
  9.43788141e-02 -2.30582878e-01  1.85622156e-01 -6.74609542e-02
 -2.59522557e-01  1.70500919e-01  1.68753743e-01 -1.19524494e-01
  2.35594317e-01 -3.28089207e-01  2.60475457e-01  2.95347929e-01
 -1.56311259e-01  1.84151322e-01 -6.29085861e-03 -1.67231023e-01
  1.71345666e-01  2.36217365e-01 -2.67212570e-01  4.00670588e-01
  3.12690854e-01  3.81036639e-01  3.41697127e-01 -9.02815610e-02
 -3.52022469e-01  3.07879627e-01 -7.74907395e-02  1.51830420e-01
  1.36452168e-01 -4.68497813e-01 -4.67151999e-01  4.91927743e-01
  1.75034717e-01 -4.29860651e-01 -2.08329439e-01  2.57674735e-02
  2.80626595e-01  8.04548115e-02  1.59074172e-01 -9.00730938e-02
 -2.48951390e-01 -2.70912170e-01  1.98805407e-01  1.34184539e-01
  2.72667974e-01 -3.10648531e-01 -1.77672952e-01  8.03382173e-02
 -9.05329213e-02  2.40532488e-01  1.89923704e-01 -1.23217985e-01
 -1.81346074e-01  3.47624123e-01 -1.90384537e-01 -2.20926739e-02
 -3.08865845e-01 -1.05960689e-01  2.53568143e-01  1.54557273e-01
  3.70805562e-01 -1.54865496e-02  3.09574157e-02  3.79186049e-02
  3.54139507e-02 -3.44486497e-02 -1.25510916e-01 -1.13426998e-01
  5.75151816e-02  2.35503912e-01 -4.97654304e-02  9.03299749e-02
  1.07874401e-01  6.90138698e-01 -5.30117825e-02 -1.11852914e-01
 -1.09867573e-01 -2.00198531e-01  6.12397008e-02 -1.63073778e-01
  7.76443332e-02 -5.58804125e-02 -2.10046142e-01 -2.60898143e-01
 -1.23789750e-01  7.28234053e-02  1.37145817e-01  6.70177713e-02
  1.07685141e-01  1.81237072e-01  3.03535424e-02  2.98462391e-01
 -2.29257554e-01 -1.76299632e-01 -9.17634368e-02  6.12051673e-02
  2.11883202e-01  2.36107290e-01  1.24521434e-01  7.88340047e-02
  1.27218023e-01 -2.63088435e-01 -1.13536060e-01  7.26914853e-02
  1.47989374e-02  5.65467253e-02  1.20216385e-02  6.18374981e-02
  4.92683798e-02  3.12285513e-01  1.06612347e-01  4.53425884e-01
  3.18283103e-02  1.66284382e-01 -2.80878127e-01  1.61097780e-01
 -1.06827602e-01  2.09234402e-01 -1.62975919e-02  2.17260405e-01
 -9.21329334e-02  1.93713740e-01  8.20537880e-02 -7.09900782e-02
  1.33299112e-01  1.63959175e-01 -1.15109123e-01 -3.63453515e-02
  1.02904685e-01 -1.75407492e-02 -1.57140583e-01  1.85397327e-01
 -1.11699387e-01  2.08715901e-01  1.90818265e-01  9.09417868e-02
  1.72727481e-01 -1.68946981e-01  2.78428476e-02 -2.42182523e-01
 -2.66810536e-01 -1.64324448e-01  3.20707738e-01  5.92249632e-03
  1.87178236e-02 -3.57545346e-01 -2.38903030e-03  1.33714452e-01
 -4.18603450e-01 -2.45180905e-01  2.68026646e-02  4.21693385e-01
 -3.35195631e-01  6.91851899e-02  5.44780195e-02 -1.60642788e-01
  1.13668092e-01 -2.94909865e-01 -6.09149560e-02 -1.20579645e-01
  3.59378546e-01 -4.70257789e-01 -3.25768963e-02 -2.80011833e-01
 -3.39206345e-02  1.09219126e-01  1.60447627e-01 -1.95933312e-01
  1.23385057e-01  5.06844938e-01  3.21845770e-01 -2.70025641e-01
  4.64734109e-03  5.01550674e-01 -1.50702238e-01 -5.27327992e-02
  2.12690085e-01 -3.10981542e-01  3.02835792e-01  1.06788382e-01
  6.82173893e-02 -1.02243163e-01  4.14987393e-02 -6.47928864e-02
 -2.18247883e-02  3.84055227e-01  5.20229280e-01  2.03860089e-01
 -1.97799653e-01  1.96902864e-02  2.91763872e-01 -1.29155263e-01
 -1.63909510e-01 -1.63726106e-01 -4.44741845e-02  3.54898512e-01
  2.48392954e-01 -4.05096337e-02  1.42220020e-01  1.49625391e-01
  2.43560970e-02  1.40382022e-01  8.59948397e-02 -1.23515725e-01
  5.51979661e-01 -6.51567290e-03  3.06122094e-01 -2.41345745e-02
 -8.23940039e-02 -9.07829627e-02 -6.86117038e-02  5.57447709e-02
 -1.79301783e-01 -1.09473795e-01  1.75260361e-02  2.67618895e-02
  1.00325249e-01  2.34565064e-02  4.83554229e-02 -3.80211580e-03
 -2.28731394e-01 -2.91339122e-02 -3.58373404e-01 -1.08636044e-01
  3.58961225e-02 -4.04175580e-01 -6.90848082e-02  1.13120802e-01
  1.21561758e-01 -4.32673767e-02  2.35220581e-01  2.94863969e-01
  3.76457833e-02  2.59598762e-01  2.82118410e-01 -7.17558935e-02
  1.04588725e-01  1.57087855e-02  1.14562493e-02 -2.90371627e-01
 -1.39594853e-01  6.97618164e-03  4.90894467e-02 -2.98331916e-01
  1.07916445e-01 -1.00843340e-01 -2.56018728e-01  4.68536288e-01
  3.63404423e-01  1.46750122e-01 -1.26521200e-01 -1.28045350e-01
  1.23450138e-01  1.06984444e-01  1.93374380e-01 -9.88737941e-02
 -1.76357999e-01  3.44068080e-01  1.73226878e-01 -2.58491095e-02
 -3.30023654e-02  5.98564409e-02  2.44916454e-01 -6.49412349e-02
  2.64008529e-02  1.43738180e-01  1.16417676e-01 -1.08366914e-01
  2.37099320e-01  1.40638947e-01 -1.24858148e-01  4.32081401e-01
  3.77085298e-01  3.43826622e-01 -7.32730508e-01  8.73276871e-03
  3.18058580e-01  2.32570961e-01 -4.13977988e-02  3.49445045e-01
 -9.78800505e-02  2.03781635e-01  1.98199481e-01 -2.00466648e-01
  2.04840869e-01  2.21662670e-01  1.58244133e-01  1.60324395e-01
 -3.18507761e-01  2.88052231e-01 -6.05201349e-02  2.29241237e-01
 -7.31925294e-03 -5.61055541e-03 -1.80235371e-01  4.34479594e-01
  1.97431609e-01 -6.13916628e-02  6.78262785e-02  2.68139750e-01
  3.55945900e-02  8.84006768e-02  3.02575380e-01 -2.40624711e-01
  1.50099501e-01  1.36002572e-02  1.68579414e-01  7.42067546e-02
  1.56664729e-01 -2.38694683e-01  3.07483196e-01  4.01331037e-02
 -2.79534429e-01 -1.29245192e-01  2.69884676e-01  1.50450453e-01
  1.12146027e-01 -1.63561448e-01 -8.36225301e-02 -1.87087029e-01
  1.41431838e-01  2.61068586e-02 -8.99105817e-02  2.35456258e-01
  1.27127007e-01  3.15131456e-01 -1.28210500e-01  4.62731235e-02
  3.20846885e-01 -3.80181968e-02 -1.81704924e-01  1.15721561e-01
  1.71590582e-01 -2.06867710e-01  3.48569563e-04 -3.22808623e-01
  2.81370819e-01  1.13455936e-01  3.61240715e-01  3.80879268e-03
 -1.36864722e-01 -1.44849047e-01  1.67788655e-01 -5.13995737e-02
  1.05396472e-01 -1.07874192e-01 -6.78502917e-02 -2.44387671e-01
 -1.98897496e-01  2.10607871e-01  2.53080507e-03  4.06751595e-02
 -5.56487516e-02  5.39525822e-02  1.70343637e-01 -2.17133030e-01
  1.49401501e-01  5.80416806e-02 -1.20300036e-02 -9.41004157e-02
  5.80700599e-02 -9.52929407e-02  1.17092341e-01  1.59047052e-01
  2.34686464e-01 -1.96378931e-01 -6.00883253e-02 -1.54520854e-01
 -4.02116537e-01 -2.16702223e-01  2.25678876e-01  4.35842097e-01
  1.93653449e-01  4.89076704e-01 -1.63219154e-01 -1.47433907e-01
 -2.46931035e-02 -9.08928737e-03 -1.92081779e-01  3.91072184e-02
  1.04867302e-01 -1.71180382e-01  1.35823876e-01 -2.68075258e-01
 -5.15677333e-02 -6.12695552e-02 -2.02409551e-01  1.58646256e-01
 -1.66700892e-02  3.23028192e-02 -1.34885967e-01  1.46356434e-01
  2.73137003e-01  2.17253678e-02 -3.80169302e-01 -1.56167503e-02
  2.02172130e-01  9.72742811e-02 -1.02090240e-01  4.12688479e-02
  3.77899677e-01 -1.02642842e-01  7.79024418e-03 -1.10349862e-03
  2.51189679e-01  3.92424524e-01 -8.72060582e-02 -2.42346689e-01
 -3.04830205e-02  3.74740511e-01  1.54259413e-01 -2.14017987e-01
 -3.55541170e-01 -1.93530798e-01 -1.13513842e-01  4.59702045e-01
  1.97821185e-01  4.37421501e-01 -1.63715295e-02 -3.33246410e-01
  3.20917785e-01 -4.65468578e-02 -2.43394777e-01  1.86405703e-01
 -1.55173525e-01  6.84433505e-02  3.88018310e-01  9.18507352e-02
  5.50096929e-02  6.20191634e-01  1.17748633e-01  2.12933570e-01
  1.75803706e-01  1.07966043e-01 -1.76510960e-01 -1.60181642e-01
  4.29224819e-01 -2.49712199e-01  1.28515568e-02 -1.65347144e-01
 -1.83523059e-01  4.77244034e-02 -1.16064020e-01 -2.11036727e-01
  7.63538778e-02  2.44443506e-01  1.83498450e-02 -1.87348261e-01
 -2.33476788e-01 -7.75398593e-03 -3.16471905e-01  1.49777740e-01
 -9.87664610e-02  1.10291600e-01  1.61563233e-02 -1.36221841e-01
  1.23343341e-01  6.53874934e-01 -4.49050553e-02  8.02509934e-02
 -1.70847684e-01 -1.66219667e-01  1.06485985e-01  4.71908361e-01
 -1.95244163e-01  1.02060206e-01  1.51660323e-01  4.74830605e-02
  2.06318602e-01  2.95678284e-02 -2.76409030e-01  5.63503467e-02
 -2.33266190e-01 -5.30476928e-01  1.16725326e-01  2.13421106e-01
  8.67528915e-02  3.37322392e-02  2.42496133e-01  5.34459949e-02
  1.30653620e-01  5.06475985e-01 -2.77783815e-02 -1.24320224e-01
 -1.06097259e-01 -1.97401360e-01 -1.55426353e-01 -3.03816915e-01
  4.11779657e-02 -1.17534235e-01  3.38888466e-01  6.74420595e-02
 -5.17211556e-01  1.17195338e-01 -1.20780043e-01 -2.22059488e-01
 -5.57324179e-02  2.34013230e-01 -1.00069940e-02 -3.57622385e-01
 -9.52251852e-02 -5.03186584e-01 -1.72257289e-01  1.04665980e-01
 -2.86518514e-01  2.21670792e-01  1.05176598e-01 -1.13455914e-01
  3.56915414e-01 -5.88656366e-02  9.33618918e-02 -9.31374170e-03
  2.67754376e-01  1.18408240e-01 -2.04451352e-01 -1.83597863e-01
 -1.56827308e-02  3.99381906e-01  1.28276840e-01 -8.09171796e-02
 -8.59023631e-02  1.06570736e-01 -1.88063860e-01  1.49910733e-01
  2.13049144e-01 -1.59247190e-01 -1.07436307e-01  1.74402758e-01
  3.36019635e-01 -1.58183306e-01 -3.28632504e-01 -2.54294246e-01
  2.69722100e-02  1.51350856e-01  1.96814641e-01  1.95177749e-01
 -3.19307834e-01 -2.24389777e-01 -7.20229149e-02 -1.89925194e-01
 -2.44870186e-01 -1.91956848e-01  4.08463478e-01  2.93942504e-02
 -5.94473258e-02 -1.89223364e-01  2.24975824e-01 -1.97262272e-01
  4.00377996e-02 -3.25888507e-02  2.58010447e-01 -1.15628578e-01
 -2.40368024e-01  1.77791789e-01  5.30647516e-01  2.70552665e-01
  7.29753077e-02  6.23758920e-02  2.54739195e-01  3.51669848e-01
  2.98512191e-01 -5.08502200e-02  3.83350372e-01 -3.69497001e-01
 -2.36891471e-02 -3.91114026e-01  2.85292149e-01 -6.43875729e-03
 -1.83307141e-01  1.87646240e-01 -7.69085437e-02 -1.55818909e-01
  9.35985819e-02  1.96943402e-01  5.20091467e-02  1.79784909e-01
  1.34660631e-01  5.65290526e-02  2.19223589e-01 -7.37208724e-02
  1.59749746e-01 -9.28865522e-02  8.17628950e-03 -2.34672397e-01
  2.03504056e-01 -8.93670917e-02 -4.09689872e-03 -2.65566736e-01
 -1.43810140e-03 -1.24334633e-01 -4.27838080e-02 -2.90812869e-02
  2.78044373e-01  4.97793913e-01  1.65541425e-01 -1.65016532e-01
 -9.03045833e-02  5.81696210e-03 -4.88491431e-02  1.93801984e-01
  4.17674869e-01 -1.15144305e-01 -2.40594789e-01 -3.20729345e-01
 -4.34874222e-02 -2.42726296e-01 -1.88856810e-01  3.62375706e-01
  4.96289074e-01 -1.02480361e-02 -1.83520406e-01 -2.41634011e-01
  7.57879317e-02  4.48060006e-01  5.72449975e-02  3.55335563e-01
 -8.15451965e-02  2.93557942e-01 -2.26120025e-01  1.00869194e-01
  6.47595664e-03  1.42993033e-01 -2.19287336e-01 -3.63351494e-01
 -6.37093708e-02  9.04405341e-02  2.67211914e-01 -7.09808692e-02
 -7.06558451e-02  4.96698990e-02  9.95267183e-02 -2.20628500e-01
  3.47550935e-03  2.20058560e-02  2.43574500e-01  4.11157995e-01
  2.92588085e-01  2.63939947e-01  1.94609493e-01 -5.25181629e-02
  2.08392158e-01  9.36244950e-02 -4.81095076e-01  2.51357526e-01
 -1.76139265e-01  4.04499322e-01 -1.36374503e-01 -1.45277083e-01
 -2.55422771e-01  3.07091624e-01  1.17721438e-01  3.34400564e-01
  2.08579287e-01 -3.54952924e-02  2.05002632e-02 -2.98548698e-01
  7.64781013e-02 -3.11517984e-01 -1.62629113e-01  1.37375548e-01
 -1.91510454e-01  2.10296869e-01 -2.70913213e-01 -1.14722379e-01
  9.90854204e-02 -4.19689156e-02  1.03150383e-01 -1.66904792e-01
 -7.11395442e-02 -4.65316065e-02  4.19500649e-01  2.58560687e-01
  1.26199067e-01  2.75743335e-01  1.43509880e-02 -7.36777708e-02
 -1.18523277e-01  2.48233274e-01  3.85510214e-02 -5.32119088e-02
  4.62629259e-01  4.01862478e-03  3.62874508e-01 -1.31283000e-01
  2.41784051e-01 -7.76043441e-03  2.01439202e-01  1.74881756e-01
 -2.86628276e-01  3.04294918e-02  7.45804235e-03  7.28257224e-02
 -8.94704834e-02  2.90211618e-01 -1.08936608e-01  2.91017264e-01
 -6.91130832e-02  5.86605370e-01 -1.29407449e-02  8.74620602e-02
 -3.43594775e-02  3.49582404e-01 -2.80715823e-01 -1.43893570e-01
  1.23809159e-01  3.97789776e-01  8.98168981e-03 -6.18287884e-02
 -6.74663670e-03  4.29221302e-01 -4.02493745e-01  2.18724176e-01
  3.49521309e-01 -5.66818425e-03  1.22150294e-01 -1.03991181e-01
  2.72161067e-01 -5.99713139e-02 -1.17170937e-01  1.31218940e-01
  1.05102085e-01  2.21315563e-01  3.12683761e-01  6.83049932e-02
 -9.44018140e-02 -1.35667160e-01  2.15981692e-01  7.21527785e-02
 -1.83981538e-01 -6.73046708e-02  3.43113601e-01  1.28847167e-01
  2.11325616e-01 -1.53084159e-01 -7.83305466e-02  1.02074603e-02]","{'source': 'Các tổ chức đoàn thể.txt', 'id': '0'}",0
"Website: svbk.hust.edu.vn
Hội Sinh viên
Văn phòng: Tầng 8 - B8 - Ký túc xá Bách Khoa
Điện thoại: 024 38 696 166
Email: hsv@hust.edu.vn
Website: svbk.hust.edu.vn
 Hội Cựu chiến binh
Văn phòng: C2 - 207
 Điện thoại: 024 3 2215 3290
Mạng lưới Cựu sinh viên
 Văn phòng: C2 – 215, 216
Điện thoại:  0243 869 0071
Email: vpcsv@hust.edu.vn","[ 0.07258485  0.22739555 -0.3887699   0.01348129  0.02998144  0.38677123
  0.03654806  0.07375754 -0.1864974  -0.04752464  0.15787198  0.20817731
  0.12396992  0.04322888  0.07519463  0.16522637 -0.14990014  0.08367532
 -0.42903855 -0.26258585 -0.10224788  0.26840392  0.1711556  -0.2716022
  0.48076558  0.23097104  0.276712    0.04013699 -0.2371152   0.087451
  0.4679065  -0.21013026  0.11498094 -0.2804925   0.1438995  -0.08391115
 -0.17748216  0.15196116  0.18519463  0.00605841  0.0835904  -0.43558
  0.21274245  0.17002793 -0.0544414   0.14845268  0.00726501 -0.29029492
  0.20092641  0.17092602 -0.3320237   0.29980233  0.53240144  0.26283607
  0.1808103  -0.01066102 -0.41621104  0.16349934  0.07227304  0.2578085
  0.08390448 -0.43141633 -0.4467649   0.2651789   0.11950261 -0.63198036
 -0.15257034  0.1466036   0.27905968  0.06292254  0.2486577  -0.1500621
 -0.1639629  -0.17756289  0.24956001  0.10722689  0.3035335  -0.24717492
 -0.25166154  0.15361409 -0.01734951  0.02935364  0.05941416 -0.24681073
 -0.10319895  0.23502854 -0.32376224  0.03815271 -0.25219885 -0.14127259
  0.22448076  0.06848749  0.23202476 -0.01961632  0.0673332  -0.04898229
  0.24482907  0.15101984 -0.04764767 -0.1681238   0.28307998  0.34750572
 -0.01250384  0.16308226  0.11155941  0.4635492  -0.07831517 -0.05750392
 -0.0303705  -0.14580575  0.17141078 -0.18606557 -0.02956979  0.03014352
 -0.21417816 -0.34203956 -0.05553403  0.03258124 -0.06803879 -0.0435983
  0.14018393  0.28813314  0.21418744  0.18377209 -0.30321598  0.01850818
 -0.01276275 -0.04599237  0.0328926   0.30413517  0.20808145 -0.02878545
  0.06297746 -0.30085763 -0.23207815  0.10164178 -0.00364806  0.01411455
  0.05075518  0.13754295 -0.14777018  0.22289716  0.06072166  0.5554797
  0.0880459   0.02402108 -0.270748    0.19978085 -0.13224223  0.15348616
 -0.08104514  0.1537619   0.00371455  0.18763097  0.1927905  -0.13629359
  0.14604647  0.14053269 -0.15015829  0.02870083  0.2031999   0.1093285
  0.0068215   0.25572786 -0.08096991  0.20749812  0.3430022   0.01956178
  0.01658255 -0.2833501   0.0647935  -0.18266514 -0.13883829 -0.1781716
  0.43339807  0.09687033 -0.05465479 -0.39651078  0.18409605  0.1080696
 -0.24635354 -0.15887575  0.07149855  0.22272219 -0.13617659  0.02071296
  0.05245551 -0.2051877  -0.02445944 -0.29627213  0.00222801  0.05820165
  0.3623899  -0.3691847  -0.13061479 -0.22509715 -0.0593939   0.20272739
  0.14032881 -0.13934548  0.19023667  0.4971407   0.36822164 -0.47265112
  0.0181344   0.5046862  -0.00363683 -0.1644122   0.33020687 -0.21906698
  0.1737974   0.01988731  0.04072127 -0.1659788   0.1671316  -0.1235954
  0.0437151   0.2894229   0.29016912  0.10279471 -0.13624509  0.0845703
  0.2094     -0.01763064 -0.15881029 -0.18158674  0.03514135  0.19765934
  0.2173147   0.02107208 -0.05044485  0.20617963  0.04353478  0.16269514
  0.01414229 -0.17398167  0.38024473  0.12911293 -0.04391332 -0.09895775
 -0.05535037 -0.10127725 -0.14121966  0.03486028 -0.07482325 -0.06032045
  0.13399017 -0.06671914  0.4467312   0.11438386 -0.09320395  0.0274606
 -0.1205311  -0.06837363 -0.21442452 -0.11068333 -0.05862838 -0.2574987
  0.11942633 -0.12737767  0.00283295 -0.11690748  0.19746889  0.44503978
  0.03435893  0.08101986  0.2988649   0.07228817  0.19340543  0.14362495
 -0.03919173 -0.30846784 -0.30015218  0.07430745  0.08635338 -0.23090383
  0.17180012 -0.03320862 -0.2250282   0.39888301  0.309272    0.15861563
 -0.05624873 -0.16663265  0.13194624  0.07119957  0.27238843 -0.10845815
 -0.05923045  0.24331258  0.10797511 -0.03213818 -0.25675476  0.16660276
  0.07652032  0.12502617  0.19097245  0.05109887  0.10752849  0.08209083
  0.17721042  0.2521412  -0.00696291  0.3517331   0.32212704  0.1089799
 -0.82175994 -0.00151398  0.48742533  0.33079016 -0.13232476  0.42110467
 -0.27286935  0.20811197  0.1348993  -0.0813797  -0.08857543  0.30893496
  0.20576015  0.12485906 -0.29277897  0.40997294 -0.08210037  0.12826884
 -0.13702531  0.06580585 -0.06544335  0.5407992  -0.02473035 -0.04429059
  0.18304612  0.28465977  0.06898928  0.26729316  0.32557058 -0.11764337
  0.18283775  0.00894145  0.16065678  0.23665845  0.14975457 -0.2298879
  0.2245283   0.06356256 -0.32547164 -0.00628608  0.08060562  0.15994692
  0.13322945 -0.04674817 -0.10373458 -0.18363212  0.22207645 -0.1003928
  0.08075456  0.3542278  -0.05912136  0.2856593  -0.04149112  0.04986826
  0.2419674   0.0147752  -0.11287288  0.19003369  0.20550145 -0.21948937
  0.09083626 -0.18300557  0.30598602  0.24543819  0.14259778 -0.02105379
 -0.18926261  0.01756743  0.14584112 -0.07693112  0.1869126   0.04303601
 -0.09193257 -0.14524332  0.04336547  0.26855305 -0.01819352  0.09573076
 -0.02752803  0.21093042  0.11755918 -0.30953485  0.11617772  0.01002267
 -0.0418488  -0.04665673  0.35814705  0.00091851 -0.01633543  0.2176943
  0.04537193 -0.2394339  -0.09885222  0.18934856 -0.2768614  -0.27380735
  0.02039338  0.22367154  0.09103108  0.5001331  -0.27855015 -0.28132847
  0.15598007 -0.01030831 -0.16574182  0.15598437  0.00261841 -0.24762957
  0.06740906 -0.24186218 -0.16239895  0.02713797 -0.08028547  0.33518165
  0.08041648  0.10636123 -0.259549    0.23937121  0.01871494  0.1395517
 -0.27490985 -0.06516046  0.08946571  0.08183417 -0.25242013  0.01697762
  0.47174698 -0.2551468   0.06913548  0.07781289  0.03223194  0.25929165
 -0.15258704 -0.26308757 -0.03860207  0.27213418 -0.00139212 -0.12157074
 -0.34557426 -0.18576854  0.1459076   0.53750736  0.21735738  0.36084184
  0.07467829 -0.06810548  0.44127196 -0.13041839 -0.1919214   0.14915147
 -0.01161887  0.11991931  0.21551172  0.09245637  0.08334834  0.6324632
  0.12252516  0.12832293 -0.02867826  0.14215551 -0.19541743 -0.15248485
  0.35589522 -0.17416231 -0.01813525 -0.06771776 -0.10616778 -0.00907058
  0.04176761 -0.16498362  0.24066478  0.24497607 -0.10417004 -0.22063763
 -0.23952535 -0.06841145 -0.06572469 -0.0753791  -0.13707523  0.15069272
 -0.02715594 -0.28434062  0.00515608  0.6291233  -0.06059882  0.01557127
 -0.1896998  -0.15570922 -0.03431237  0.31368172 -0.23135138 -0.03934078
  0.1529271   0.0046168   0.45959005  0.03824197 -0.14475173  0.16811663
  0.0869863  -0.40592855  0.11617943  0.10317514  0.01162301 -0.02240704
  0.2581059  -0.01338493  0.0773423   0.3452484   0.06810845 -0.03799532
 -0.02370214 -0.17886166 -0.06404669 -0.15986921  0.0040723   0.05579102
  0.23145689 -0.08358737 -0.4114061   0.18882993 -0.09533629 -0.38393918
 -0.0386872   0.25346595 -0.07138262 -0.44453466 -0.10300755 -0.42095628
 -0.15293188  0.06282445 -0.22851662  0.26806825  0.05256641 -0.1372024
  0.20089656 -0.02181044  0.04936632  0.12457953  0.10601315  0.02175954
 -0.29501396 -0.24283503 -0.02189044  0.06172542  0.03325221 -0.18564211
 -0.10595273  0.21259655 -0.02025729  0.12788188  0.38766053  0.08710291
  0.01376511  0.18922971  0.24247439 -0.1124924  -0.2089513  -0.49158758
  0.0505335   0.28281954  0.13147935  0.13414408 -0.07514102 -0.24775533
 -0.09074564 -0.10052133 -0.04220878 -0.02980299  0.42841136  0.02859777
  0.05495968 -0.25996295  0.30228186 -0.06849691  0.03145058  0.00577391
  0.20567836 -0.07324812 -0.27181512  0.25178742  0.37006405  0.11575121
  0.16564387 -0.01516936  0.33477327  0.3479997   0.23276308 -0.16879162
  0.38060787 -0.28608903 -0.06658154 -0.08805168  0.24248014 -0.09550907
 -0.24796496  0.00334778  0.12622286  0.08554123 -0.06366946  0.39727482
  0.13634461  0.1956788  -0.06181702  0.04361493  0.14119059 -0.15089205
  0.10320359 -0.10361423 -0.00276633 -0.22642459 -0.0659964  -0.05599676
  0.01080405 -0.18925646 -0.10939523 -0.05419898  0.0023066   0.09427617
  0.19884652  0.43834665  0.09338897 -0.07379112 -0.14342295 -0.00519796
  0.09376242  0.269569    0.45511186 -0.1564889  -0.07489333 -0.29864624
 -0.04682774 -0.23545672 -0.10642518  0.33409882  0.46185964 -0.03743427
 -0.09053622 -0.11601195  0.13109566  0.276927    0.19869946  0.26453012
 -0.23467387  0.2692846  -0.26648694  0.1509071   0.02383407  0.06261017
 -0.13349669 -0.3179942  -0.0110041   0.07082669  0.14812689 -0.20285517
 -0.00563813  0.03872991  0.11659833 -0.07238655 -0.09957396 -0.05880148
  0.315288    0.16771     0.22334844  0.10461367  0.22968674 -0.14097323
  0.23858221  0.11438125 -0.43980676  0.0358619  -0.2987983   0.56208485
 -0.14025466 -0.17758025 -0.17385119  0.05630767  0.08384533  0.28555533
  0.21826935 -0.10921384  0.07915264 -0.30933392 -0.01415935 -0.20864683
 -0.03660234  0.10215403 -0.21967338  0.19301915 -0.19789594  0.02530147
  0.16968784 -0.1576757   0.07675129 -0.0932364   0.04549279 -0.07138476
  0.26988497  0.3588668   0.02125638  0.34855044  0.08089012 -0.15266445
 -0.2748627   0.15049934  0.0830742   0.07514939  0.33765492 -0.01946552
  0.23137262  0.09111992  0.24180669 -0.05172975  0.10368432  0.03626106
 -0.51773167  0.02258585  0.0843343   0.14624162 -0.01281291  0.30745444
 -0.32878366  0.3314607  -0.08343831  0.5276425   0.18061513  0.05760808
 -0.06044792  0.30999392 -0.37995636 -0.02982044  0.05236188  0.34020787
 -0.03201902  0.03645428  0.1972964   0.41802835 -0.46086955  0.2434743
  0.23179784 -0.05765973  0.17601776 -0.18725845  0.30713758 -0.0478959
 -0.17240539  0.20053059  0.0301716   0.33327356  0.20204516  0.06060185
  0.02752643 -0.10227027  0.14425944  0.16471991 -0.24501319 -0.07097771
  0.2756324   0.06629853  0.24629384 -0.18440783 -0.17903255 -0.06035715]","{'source': 'Các tổ chức đoàn thể.txt', 'id': '1'}",0
"Mạng lưới Cựu sinh viên
 Văn phòng: C2 – 215, 216
Điện thoại:  0243 869 0071
Email: vpcsv@hust.edu.vn 
Website:  https://alumni.hust.edu.vn/ 
 Hội Cựu giáo chức
Văn phòng: Phòng 115 nhà D, 92A Lê Thanh Nghị
Điện thoại:  0913032785
Email: phamvanbinh00@gmail.com","[ 1.40732452e-01  2.17615873e-01 -4.68882054e-01 -7.38140419e-02
 -8.38664100e-02  4.05521184e-01  8.21031854e-02 -2.74071712e-02
 -3.48678559e-01 -8.53522494e-02  1.91100523e-01  6.74264431e-02
 -2.45634224e-02  2.04421729e-01  1.90254003e-01  5.71032576e-02
 -8.35827291e-02 -9.61443186e-02 -4.06615287e-01 -2.40040153e-01
 -5.48606105e-02  2.69425929e-01  3.00381243e-01 -2.23065406e-01
  4.68284070e-01  2.38357469e-01  1.57012388e-01  4.68755104e-02
 -2.16488048e-01  2.33205765e-01  2.26526335e-01 -6.16417490e-02
  2.41472349e-01 -2.21819639e-01  6.43531159e-02 -9.41543132e-02
 -1.41890019e-01 -3.16184536e-02  1.86362974e-02 -1.70428112e-01
 -1.50450813e-02 -3.19251657e-01  2.99298793e-01  6.65400997e-02
  4.40329313e-02  1.21215612e-01 -2.13461474e-01 -2.77115643e-01
  6.90415353e-02  1.88097179e-01 -2.91372240e-01  2.35647887e-01
  3.16545963e-01  1.45748913e-01  3.41018677e-01  5.36596775e-02
 -5.07373154e-01  2.04431519e-01  1.28233999e-01  2.37924337e-01
  1.13206975e-01 -4.69268143e-01 -4.72983032e-01  4.23147321e-01
  2.82609522e-01 -6.27894938e-01 -4.75185737e-02  1.53194308e-01
  1.06603332e-01 -5.73608615e-02  2.57677525e-01 -1.47931039e-01
 -2.39343777e-01 -2.79270019e-02  3.04179698e-01  1.03838667e-01
  1.52057767e-01 -3.69413495e-02 -1.92534581e-01  3.42121273e-01
 -1.53844515e-02  7.62211755e-02  4.76130210e-02 -1.51277125e-01
 -1.60039634e-01  2.07343131e-01 -3.92942756e-01  3.98325175e-02
 -2.45675027e-01 -1.19165823e-01  6.61797971e-02  2.48379648e-01
  2.85111815e-01 -3.51715684e-02  9.98952389e-02 -5.46397530e-02
  1.96607694e-01  7.67183229e-02 -4.86365333e-02 -1.44370720e-01
  3.31239164e-01  2.69666016e-01  6.08771071e-02  2.50841320e-01
  9.82088670e-02  6.69618547e-01 -3.29953693e-02  1.84046298e-01
  9.01298821e-02  1.23624485e-02  1.32739961e-01 -3.02225649e-01
 -1.34897992e-01  9.15973708e-02 -2.59871542e-01 -3.93964469e-01
 -2.25074887e-02 -9.01555493e-02  4.66133021e-02  8.55849907e-02
  1.75638750e-01  5.10729790e-01  2.63529092e-01  3.44001561e-01
 -9.83489119e-03 -2.94640427e-03  7.40022808e-02 -9.39615443e-02
  1.62852511e-01  1.04739539e-01  2.90445000e-01 -1.89936176e-01
 -5.29650524e-02 -3.21434915e-01 -6.94154799e-02  7.80841038e-02
 -8.43227580e-02  6.82505742e-02 -6.09192848e-02  1.16867095e-01
 -1.35252774e-01  2.82746017e-01  9.84523967e-02  5.76808393e-01
  2.60866601e-02  1.27149493e-01  1.21814653e-01  1.16920523e-01
 -2.70705163e-01  1.57323420e-01 -8.21261108e-02  1.93505824e-01
  2.87702330e-03  1.88926354e-01  1.08392924e-01 -7.91114494e-02
  2.14289933e-01  3.13656002e-01 -1.10736325e-01 -1.09933633e-02
  6.18867800e-02  1.49012029e-01 -5.81500195e-02  2.28888005e-01
 -1.69580251e-01  3.14311624e-01  3.33698303e-01  1.44981340e-01
  1.67665020e-01 -3.10240239e-01  5.15160821e-02 -1.53774008e-01
 -2.45169491e-01 -2.25422397e-01  5.20870447e-01  2.55939248e-03
 -6.26571402e-02 -2.43874565e-01  1.56818807e-01  1.69465527e-01
 -2.85778522e-01 -1.09308638e-01 -6.42716512e-02  2.60075420e-01
 -2.31112689e-01 -7.51478299e-02  2.31029272e-01 -1.56417459e-01
 -1.56902060e-01 -6.29877076e-02 -4.91922628e-03 -6.51429370e-02
  3.39867294e-01 -3.26540053e-01  6.17334284e-02 -1.37430444e-01
  8.78508240e-02  1.92476034e-01 -6.04783744e-02 -3.49867605e-02
  4.78262976e-02  5.13884962e-01  2.15234101e-01 -2.87115961e-01
  1.57607868e-01  3.99477541e-01  1.55887762e-02 -2.10840911e-01
  1.47024646e-01 -9.46939737e-02  2.27216825e-01 -9.71282870e-02
  1.16260648e-02 -1.14415297e-02  3.06192905e-01 -1.77751526e-01
 -4.77887839e-02  2.37096608e-01  3.80746871e-01  6.89439708e-03
 -8.71952698e-02  1.32120550e-01  1.63558587e-01  4.46888022e-02
 -2.10613668e-01 -8.35835263e-02  1.63792595e-01  2.46759862e-01
  2.40731940e-01  6.44855574e-02 -4.82271053e-03  2.30486229e-01
  5.39206266e-02  2.37943321e-01  1.32101402e-01 -6.08376823e-02
  3.13938022e-01  4.42134868e-03 -2.68678716e-03 -3.53252888e-02
  9.97932330e-02  7.08307559e-03 -1.77435026e-01  9.91044492e-02
 -1.75526381e-01 -8.01074598e-03  2.69955814e-01 -2.39889249e-01
  3.48138869e-01 -6.70435233e-03 -1.49386540e-01 -4.18044673e-03
  2.56489334e-03 -1.71280310e-01 -2.70243227e-01 -1.95131637e-02
  1.49760187e-01 -3.16563547e-01 -3.01454626e-02 -1.17863841e-01
  1.42259508e-01 -1.82847753e-01  3.13879371e-01  2.19916686e-01
  1.11985140e-01  2.52149820e-01  3.73131812e-01 -1.64930932e-02
  3.58718514e-01  5.20430990e-02  3.54221696e-03 -4.10831422e-01
 -2.19014063e-02 -1.00736991e-01 -1.07389241e-01 -3.69718343e-01
  2.46318713e-01  2.04781443e-01 -1.42453656e-01  3.68310928e-01
  1.93339646e-01  8.07952583e-02 -2.23023653e-01 -2.00328588e-01
  4.12328720e-01 -4.45104279e-02  3.32439125e-01 -1.24005288e-01
 -2.86971450e-01  2.15599060e-01  6.92253262e-02  7.93352127e-02
 -2.14533731e-01  2.30327681e-01 -1.31204307e-01 -1.66426256e-01
  1.56842306e-01 -3.45738083e-02  9.71802995e-02  1.08458363e-01
  2.49506027e-01  4.34328347e-01  6.64426237e-02  2.67651528e-01
  6.77653611e-01  1.98996946e-01 -6.10000014e-01 -2.33305722e-01
  4.93707925e-01  4.34057117e-01 -1.63417652e-01  4.06435966e-01
 -2.60389179e-01  4.86764163e-02  1.05374999e-01 -6.74392283e-02
  6.29069135e-02  3.07246279e-02  1.28726378e-01  1.24792852e-01
 -2.50737786e-01  4.74502832e-01 -8.00842494e-02  1.87554255e-01
  6.08223416e-02  1.74206868e-01 -2.49258548e-01  6.07402384e-01
 -8.87647942e-02 -1.52153999e-01 -3.66500132e-02  3.49397600e-01
 -2.39089299e-02  2.03323185e-01  4.68609661e-01 -6.46985509e-03
  1.66886002e-01  1.06294766e-01  7.64606297e-02  2.22091943e-01
  2.00244740e-01 -2.86505133e-01  4.35929298e-01  1.64506510e-01
 -3.11375827e-01 -6.35796934e-02 -7.23828077e-02  1.37833700e-01
  1.81711763e-01 -1.45679176e-01 -2.23039836e-01 -3.42609465e-01
  1.55360281e-01 -2.62009889e-01  8.98119211e-02  2.56389022e-01
  1.83953773e-02  2.84700572e-01 -2.52659041e-02 -2.88309492e-02
  2.03224793e-01 -6.62578270e-02 -3.37480344e-02  2.21745074e-01
  2.66321152e-01 -4.43570971e-01  1.77159145e-01 -3.01704198e-01
  8.40704069e-02  2.52849460e-01  1.11723587e-01 -8.08451474e-02
 -2.44089663e-01 -6.01741523e-02  3.43948841e-01 -5.12950793e-02
  1.85893208e-01  1.85567319e-01 -4.05434631e-02 -9.89369228e-02
  1.17379457e-01  2.84072131e-01  9.52215865e-02 -4.57213074e-02
 -2.78925657e-01  1.00335844e-01 -5.65559119e-02 -3.12784553e-01
  8.65932852e-02  9.12853330e-02 -1.16363876e-01 -1.68807834e-01
  2.47664213e-01 -3.44692939e-03  2.33379705e-03  1.25083774e-01
  3.49844880e-02 -2.40597799e-01  4.42895889e-02  2.56545752e-01
 -2.74669200e-01 -1.69572204e-01 -1.79907590e-01  1.84087288e-02
 -6.95555285e-02  3.99647772e-01 -3.21130335e-01 -3.66900653e-01
  2.72361159e-01 -1.05821848e-01 -1.65486887e-01  1.73741952e-02
 -6.98841438e-02 -4.36907798e-01 -4.55808640e-02 -3.33546788e-01
 -1.59720898e-01  1.34321332e-01  8.51012468e-02  3.95779878e-01
  8.08459222e-02  4.99737710e-02 -1.60650909e-01  2.16238633e-01
  1.51098862e-01 -7.40721123e-03 -2.14434490e-01 -9.92367789e-02
 -5.58914542e-02  1.85812250e-01 -2.02910870e-01 -3.12776901e-02
  3.43310893e-01 -1.27216175e-01  4.09514070e-01 -9.95024890e-02
  3.54249850e-02  2.50496566e-01 -1.53808281e-01 -3.53879869e-01
  1.63069144e-01  3.10740978e-01 -1.10156804e-01 -7.90694207e-02
 -3.06420982e-01 -1.57331869e-01  1.81029260e-01  5.25631666e-01
  3.38462949e-01  2.74452329e-01  9.23296139e-02 -1.52388990e-01
  3.29829186e-01  1.39143746e-02 -1.89764291e-01  1.07975714e-01
  1.11989744e-01  4.33244668e-02  1.64733484e-01 -2.13302210e-01
  1.82864577e-01  7.39596367e-01  2.65556276e-01  2.54049510e-01
  2.79769272e-01  2.07876936e-01 -2.26351157e-01 -9.85556394e-02
  4.13218021e-01 -2.36767396e-01  8.46333578e-02 -7.56642222e-02
 -5.26997037e-02  3.34302932e-02 -3.17800581e-03 -1.07042827e-01
  1.92731410e-01  2.13469818e-01 -1.02930509e-01 -3.38791311e-03
 -1.06623277e-01 -1.43001527e-01 -3.14142555e-01 -2.27193143e-02
 -6.66949227e-02  2.00376749e-01 -1.49650902e-01 -1.85784847e-01
  1.24560714e-01  6.08441889e-01 -1.24081150e-01  9.56518948e-02
 -1.62717372e-01 -6.68821633e-02 -6.16702400e-02  1.20862573e-01
  7.07564596e-03  1.44477427e-01  6.38009980e-02 -3.74750942e-02
  5.42839170e-01  2.44114082e-02 -1.36448756e-01  2.99919277e-01
  5.88490181e-02 -3.33582044e-01  9.12576839e-02  1.80193767e-01
 -5.53069860e-02 -2.77509183e-01  3.65402341e-01  1.86525017e-01
  2.65200406e-01  3.73010188e-01  2.07443222e-01  6.38331100e-02
  6.15336560e-02 -2.11106807e-01 -2.71638036e-02 -2.22743928e-01
  9.65246633e-02 -7.06715137e-02  1.44572079e-01  2.87157036e-02
 -4.02700484e-01 -1.30874306e-01 -1.26594063e-02 -2.76056588e-01
  6.22478537e-02  3.42202306e-01 -2.92617586e-02 -3.84990484e-01
 -1.74106032e-01 -3.84170562e-01 -1.14546575e-01  1.17513262e-01
 -3.28833252e-01  2.50674218e-01  2.71761324e-02 -1.84271902e-01
  2.44629487e-01 -4.10297364e-02  9.50320810e-02  6.24725223e-02
  2.56745666e-01 -1.49180710e-01 -3.07591558e-01 -2.01144308e-01
  6.95875138e-02  1.94703087e-01 -1.40540391e-01 -3.95563185e-01
  7.81580210e-02  1.66807026e-01 -4.37145419e-02 -9.80656687e-03
  2.52494514e-01  4.18147221e-02  1.57777056e-01  7.61284754e-02
  1.63327485e-01 -1.59509927e-01 -2.15163797e-01 -5.28320074e-01
 -9.27798543e-03  3.76629889e-01  3.69954035e-02  3.52717996e-01
  9.97626968e-03 -2.06673846e-01 -1.88691393e-02 -1.63349971e-01
 -1.93956178e-02 -2.24285454e-01  4.85001057e-01  1.78833026e-02
 -3.03941742e-02 -1.34849846e-01  7.12273791e-02 -1.95393980e-01
  5.85233187e-03  7.50844255e-02  2.53258497e-01 -1.73372656e-01
 -3.35829377e-01  2.84454644e-01  4.84222442e-01  1.83805048e-01
  1.25424132e-01  6.43231496e-02  4.65180278e-01  1.50735795e-01
  3.09574306e-01 -2.29105622e-01  1.61256135e-01 -3.17034870e-01
  8.51500407e-02 -2.31123958e-02  3.16337317e-01 -2.37186745e-01
 -1.46329001e-01 -6.93948008e-03  7.35220239e-02 -1.87764466e-02
  1.90771028e-01  4.85545903e-01  3.34538743e-02  1.35830641e-01
 -4.44732187e-03  5.83091527e-02  3.69245589e-01 -4.58816253e-02
  1.87764898e-01 -2.10284173e-01 -3.51875275e-02 -2.35447645e-01
 -8.46095905e-02  1.15171753e-01 -5.17258234e-02 -3.35724086e-01
 -2.65663415e-01 -1.50137722e-01  7.55365416e-02  4.10742499e-02
  2.51372516e-01  2.49906287e-01 -2.93797087e-02 -1.84704781e-01
 -6.42365366e-02  3.99359278e-02  5.83679676e-02  3.03163886e-01
  3.52775931e-01  6.47447305e-03 -1.56836286e-01 -3.63579214e-01
  2.34576970e-01 -1.81959048e-01  2.71040993e-03  4.29377228e-01
  2.63095737e-01 -2.16678873e-01 -3.48176628e-01 -1.41575232e-01
  2.94505954e-01  2.71036863e-01  1.01108901e-01  4.10014987e-01
 -2.08250672e-01  1.19100049e-01 -2.14763671e-01  2.58427590e-01
 -2.68164556e-02  1.90439388e-01 -3.59733179e-02 -2.98158586e-01
 -1.64855227e-01  5.38960099e-03  2.34258831e-01 -1.07526533e-01
  8.69100094e-02 -4.07820195e-02 -4.97922152e-02 -2.55351812e-01
  2.30844729e-02  5.04978634e-02  3.32930982e-01 -1.82266794e-02
  2.51562178e-01 -1.08112864e-01  2.69152015e-01 -7.71986246e-02
  1.23823561e-01  8.88915136e-02 -3.49335670e-01 -1.08650647e-01
 -1.01477988e-01  6.15720510e-01 -2.36099571e-01 -9.19892937e-02
 -2.26576716e-01  3.22548933e-02  8.57271031e-02  3.59889567e-01
  2.23926883e-02 -1.51707113e-01  9.73657444e-02 -3.41299802e-01
 -2.11603299e-01 -1.59882143e-01 -2.33864889e-01  9.46381129e-03
 -2.93628573e-01  2.53972888e-01 -2.92436004e-01 -7.44784921e-02
  1.86384857e-01  2.19180658e-01  2.07712173e-01 -3.10778499e-01
 -6.26313984e-02  6.19495958e-02  3.10768455e-01  3.80700797e-01
  1.85608804e-01  2.31040940e-01  6.82396740e-02 -1.67670086e-01
 -2.56858557e-01  1.14864118e-01  3.47531885e-02  1.03837639e-01
  4.27962452e-01 -1.92728966e-01  1.28080487e-01  1.33829579e-01
  3.40367675e-01 -7.48043805e-02  2.42772281e-01  6.51849026e-04
 -3.55575532e-01  1.04486980e-01 -2.05834612e-01  1.11855075e-01
 -1.02751702e-01  2.10276306e-01 -3.74682933e-01  3.54035676e-01
  2.55061127e-02  3.69949609e-01  1.73263699e-01  1.07762426e-01
 -8.81931931e-02  4.24286336e-01 -4.24238801e-01 -5.95531687e-02
  1.13097124e-01  4.17046696e-01  5.37826456e-02  4.99826223e-02
  1.67381138e-01  6.46685004e-01 -5.20047128e-01  7.48381838e-02
  2.25131214e-01 -6.33956166e-04  2.66392171e-01 -1.61045730e-01
  2.74595559e-01 -1.94551066e-01 -1.86141878e-01  1.79617539e-01
  1.32432356e-01  3.08880061e-01  3.12150508e-01 -9.05097350e-02
  5.08281514e-02 -1.35144452e-02  3.18888761e-02  2.23653391e-01
 -3.47693026e-01 -1.47807807e-01  2.56329834e-01  8.41789395e-02
  2.00396225e-01 -9.63926688e-02 -2.44639173e-01 -1.03456331e-02]","{'source': 'Các tổ chức đoàn thể.txt', 'id': '2'}",0
"Cụm văn bản cung cấp thông tin liên hệ của các tổ chức đoàn thể tại Đại học Bách Khoa Hà Nội, bao gồm:

* **Công đoàn:** Văn phòng C2-214, ĐT: 024 3869 2742, Email: cd@hust.edu.vn, Website: congdoan.hust.edu.vn
* **Đoàn Thanh niên:** Văn phòng C2-208, ĐT: 024 3869 2751, Email: dtn@hust.edu.vn, Website: svbk.hust.edu.vn
* **Hội Sinh viên:** Văn phòng Tầng 8 - B8 - Ký túc xá Bách Khoa, ĐT: 024 38 696 166, Email: hsv@hust.edu.vn, Website: svbk.hust.edu.vn
* **Hội Cựu chiến binh:** Văn phòng C2-207, ĐT: 024 3 2215 3290
* **Mạng lưới Cựu sinh viên:** Văn phòng C2 – 215, 216, ĐT: 0243 869 0071, Email: vpcsv@hust.edu.vn, Website: https://alumni.hust.edu.vn/
* **Hội Cựu giáo chức:** Văn phòng Phòng 115 nhà D, 92A Lê Thanh Nghị, ĐT: 0913032785, Email: phamvanbinh00@gmail.com
","[-7.46266916e-03  1.80491120e-01 -3.10259253e-01  3.84697802e-02
  9.05208755e-03  2.60816574e-01 -2.13612337e-02 -4.59852181e-02
 -7.03719482e-02 -2.96848230e-02  5.59602380e-02  2.23054737e-01
  2.28305772e-01  6.91912174e-02 -2.75224354e-02  1.60577998e-01
 -1.36100799e-01  6.13280497e-02 -2.81988055e-01 -2.27890506e-01
 -1.38255805e-01  2.30317086e-01  2.86171407e-01 -1.33779049e-01
  5.27771413e-01  2.11091980e-01  2.04815865e-01  9.88100991e-02
 -1.79745629e-01  2.69533455e-01  3.48571986e-01 -2.33181328e-01
  9.43788141e-02 -2.30582878e-01  1.85622156e-01 -6.74609542e-02
 -2.59522557e-01  1.70500919e-01  1.68753743e-01 -1.19524494e-01
  2.35594317e-01 -3.28089207e-01  2.60475457e-01  2.95347929e-01
 -1.56311259e-01  1.84151322e-01 -6.29085861e-03 -1.67231023e-01
  1.71345666e-01  2.36217365e-01 -2.67212570e-01  4.00670588e-01
  3.12690854e-01  3.81036639e-01  3.41697127e-01 -9.02815610e-02
 -3.52022469e-01  3.07879627e-01 -7.74907395e-02  1.51830420e-01
  1.36452168e-01 -4.68497813e-01 -4.67151999e-01  4.91927743e-01
  1.75034717e-01 -4.29860651e-01 -2.08329439e-01  2.57674735e-02
  2.80626595e-01  8.04548115e-02  1.59074172e-01 -9.00730938e-02
 -2.48951390e-01 -2.70912170e-01  1.98805407e-01  1.34184539e-01
  2.72667974e-01 -3.10648531e-01 -1.77672952e-01  8.03382173e-02
 -9.05329213e-02  2.40532488e-01  1.89923704e-01 -1.23217985e-01
 -1.81346074e-01  3.47624123e-01 -1.90384537e-01 -2.20926739e-02
 -3.08865845e-01 -1.05960689e-01  2.53568143e-01  1.54557273e-01
  3.70805562e-01 -1.54865496e-02  3.09574157e-02  3.79186049e-02
  3.54139507e-02 -3.44486497e-02 -1.25510916e-01 -1.13426998e-01
  5.75151816e-02  2.35503912e-01 -4.97654304e-02  9.03299749e-02
  1.07874401e-01  6.90138698e-01 -5.30117825e-02 -1.11852914e-01
 -1.09867573e-01 -2.00198531e-01  6.12397008e-02 -1.63073778e-01
  7.76443332e-02 -5.58804125e-02 -2.10046142e-01 -2.60898143e-01
 -1.23789750e-01  7.28234053e-02  1.37145817e-01  6.70177713e-02
  1.07685141e-01  1.81237072e-01  3.03535424e-02  2.98462391e-01
 -2.29257554e-01 -1.76299632e-01 -9.17634368e-02  6.12051673e-02
  2.11883202e-01  2.36107290e-01  1.24521434e-01  7.88340047e-02
  1.27218023e-01 -2.63088435e-01 -1.13536060e-01  7.26914853e-02
  1.47989374e-02  5.65467253e-02  1.20216385e-02  6.18374981e-02
  4.92683798e-02  3.12285513e-01  1.06612347e-01  4.53425884e-01
  3.18283103e-02  1.66284382e-01 -2.80878127e-01  1.61097780e-01
 -1.06827602e-01  2.09234402e-01 -1.62975919e-02  2.17260405e-01
 -9.21329334e-02  1.93713740e-01  8.20537880e-02 -7.09900782e-02
  1.33299112e-01  1.63959175e-01 -1.15109123e-01 -3.63453515e-02
  1.02904685e-01 -1.75407492e-02 -1.57140583e-01  1.85397327e-01
 -1.11699387e-01  2.08715901e-01  1.90818265e-01  9.09417868e-02
  1.72727481e-01 -1.68946981e-01  2.78428476e-02 -2.42182523e-01
 -2.66810536e-01 -1.64324448e-01  3.20707738e-01  5.92249632e-03
  1.87178236e-02 -3.57545346e-01 -2.38903030e-03  1.33714452e-01
 -4.18603450e-01 -2.45180905e-01  2.68026646e-02  4.21693385e-01
 -3.35195631e-01  6.91851899e-02  5.44780195e-02 -1.60642788e-01
  1.13668092e-01 -2.94909865e-01 -6.09149560e-02 -1.20579645e-01
  3.59378546e-01 -4.70257789e-01 -3.25768963e-02 -2.80011833e-01
 -3.39206345e-02  1.09219126e-01  1.60447627e-01 -1.95933312e-01
  1.23385057e-01  5.06844938e-01  3.21845770e-01 -2.70025641e-01
  4.64734109e-03  5.01550674e-01 -1.50702238e-01 -5.27327992e-02
  2.12690085e-01 -3.10981542e-01  3.02835792e-01  1.06788382e-01
  6.82173893e-02 -1.02243163e-01  4.14987393e-02 -6.47928864e-02
 -2.18247883e-02  3.84055227e-01  5.20229280e-01  2.03860089e-01
 -1.97799653e-01  1.96902864e-02  2.91763872e-01 -1.29155263e-01
 -1.63909510e-01 -1.63726106e-01 -4.44741845e-02  3.54898512e-01
  2.48392954e-01 -4.05096337e-02  1.42220020e-01  1.49625391e-01
  2.43560970e-02  1.40382022e-01  8.59948397e-02 -1.23515725e-01
  5.51979661e-01 -6.51567290e-03  3.06122094e-01 -2.41345745e-02
 -8.23940039e-02 -9.07829627e-02 -6.86117038e-02  5.57447709e-02
 -1.79301783e-01 -1.09473795e-01  1.75260361e-02  2.67618895e-02
  1.00325249e-01  2.34565064e-02  4.83554229e-02 -3.80211580e-03
 -2.28731394e-01 -2.91339122e-02 -3.58373404e-01 -1.08636044e-01
  3.58961225e-02 -4.04175580e-01 -6.90848082e-02  1.13120802e-01
  1.21561758e-01 -4.32673767e-02  2.35220581e-01  2.94863969e-01
  3.76457833e-02  2.59598762e-01  2.82118410e-01 -7.17558935e-02
  1.04588725e-01  1.57087855e-02  1.14562493e-02 -2.90371627e-01
 -1.39594853e-01  6.97618164e-03  4.90894467e-02 -2.98331916e-01
  1.07916445e-01 -1.00843340e-01 -2.56018728e-01  4.68536288e-01
  3.63404423e-01  1.46750122e-01 -1.26521200e-01 -1.28045350e-01
  1.23450138e-01  1.06984444e-01  1.93374380e-01 -9.88737941e-02
 -1.76357999e-01  3.44068080e-01  1.73226878e-01 -2.58491095e-02
 -3.30023654e-02  5.98564409e-02  2.44916454e-01 -6.49412349e-02
  2.64008529e-02  1.43738180e-01  1.16417676e-01 -1.08366914e-01
  2.37099320e-01  1.40638947e-01 -1.24858148e-01  4.32081401e-01
  3.77085298e-01  3.43826622e-01 -7.32730508e-01  8.73276871e-03
  3.18058580e-01  2.32570961e-01 -4.13977988e-02  3.49445045e-01
 -9.78800505e-02  2.03781635e-01  1.98199481e-01 -2.00466648e-01
  2.04840869e-01  2.21662670e-01  1.58244133e-01  1.60324395e-01
 -3.18507761e-01  2.88052231e-01 -6.05201349e-02  2.29241237e-01
 -7.31925294e-03 -5.61055541e-03 -1.80235371e-01  4.34479594e-01
  1.97431609e-01 -6.13916628e-02  6.78262785e-02  2.68139750e-01
  3.55945900e-02  8.84006768e-02  3.02575380e-01 -2.40624711e-01
  1.50099501e-01  1.36002572e-02  1.68579414e-01  7.42067546e-02
  1.56664729e-01 -2.38694683e-01  3.07483196e-01  4.01331037e-02
 -2.79534429e-01 -1.29245192e-01  2.69884676e-01  1.50450453e-01
  1.12146027e-01 -1.63561448e-01 -8.36225301e-02 -1.87087029e-01
  1.41431838e-01  2.61068586e-02 -8.99105817e-02  2.35456258e-01
  1.27127007e-01  3.15131456e-01 -1.28210500e-01  4.62731235e-02
  3.20846885e-01 -3.80181968e-02 -1.81704924e-01  1.15721561e-01
  1.71590582e-01 -2.06867710e-01  3.48569563e-04 -3.22808623e-01
  2.81370819e-01  1.13455936e-01  3.61240715e-01  3.80879268e-03
 -1.36864722e-01 -1.44849047e-01  1.67788655e-01 -5.13995737e-02
  1.05396472e-01 -1.07874192e-01 -6.78502917e-02 -2.44387671e-01
 -1.98897496e-01  2.10607871e-01  2.53080507e-03  4.06751595e-02
 -5.56487516e-02  5.39525822e-02  1.70343637e-01 -2.17133030e-01
  1.49401501e-01  5.80416806e-02 -1.20300036e-02 -9.41004157e-02
  5.80700599e-02 -9.52929407e-02  1.17092341e-01  1.59047052e-01
  2.34686464e-01 -1.96378931e-01 -6.00883253e-02 -1.54520854e-01
 -4.02116537e-01 -2.16702223e-01  2.25678876e-01  4.35842097e-01
  1.93653449e-01  4.89076704e-01 -1.63219154e-01 -1.47433907e-01
 -2.46931035e-02 -9.08928737e-03 -1.92081779e-01  3.91072184e-02
  1.04867302e-01 -1.71180382e-01  1.35823876e-01 -2.68075258e-01
 -5.15677333e-02 -6.12695552e-02 -2.02409551e-01  1.58646256e-01
 -1.66700892e-02  3.23028192e-02 -1.34885967e-01  1.46356434e-01
  2.73137003e-01  2.17253678e-02 -3.80169302e-01 -1.56167503e-02
  2.02172130e-01  9.72742811e-02 -1.02090240e-01  4.12688479e-02
  3.77899677e-01 -1.02642842e-01  7.79024418e-03 -1.10349862e-03
  2.51189679e-01  3.92424524e-01 -8.72060582e-02 -2.42346689e-01
 -3.04830205e-02  3.74740511e-01  1.54259413e-01 -2.14017987e-01
 -3.55541170e-01 -1.93530798e-01 -1.13513842e-01  4.59702045e-01
  1.97821185e-01  4.37421501e-01 -1.63715295e-02 -3.33246410e-01
  3.20917785e-01 -4.65468578e-02 -2.43394777e-01  1.86405703e-01
 -1.55173525e-01  6.84433505e-02  3.88018310e-01  9.18507352e-02
  5.50096929e-02  6.20191634e-01  1.17748633e-01  2.12933570e-01
  1.75803706e-01  1.07966043e-01 -1.76510960e-01 -1.60181642e-01
  4.29224819e-01 -2.49712199e-01  1.28515568e-02 -1.65347144e-01
 -1.83523059e-01  4.77244034e-02 -1.16064020e-01 -2.11036727e-01
  7.63538778e-02  2.44443506e-01  1.83498450e-02 -1.87348261e-01
 -2.33476788e-01 -7.75398593e-03 -3.16471905e-01  1.49777740e-01
 -9.87664610e-02  1.10291600e-01  1.61563233e-02 -1.36221841e-01
  1.23343341e-01  6.53874934e-01 -4.49050553e-02  8.02509934e-02
 -1.70847684e-01 -1.66219667e-01  1.06485985e-01  4.71908361e-01
 -1.95244163e-01  1.02060206e-01  1.51660323e-01  4.74830605e-02
  2.06318602e-01  2.95678284e-02 -2.76409030e-01  5.63503467e-02
 -2.33266190e-01 -5.30476928e-01  1.16725326e-01  2.13421106e-01
  8.67528915e-02  3.37322392e-02  2.42496133e-01  5.34459949e-02
  1.30653620e-01  5.06475985e-01 -2.77783815e-02 -1.24320224e-01
 -1.06097259e-01 -1.97401360e-01 -1.55426353e-01 -3.03816915e-01
  4.11779657e-02 -1.17534235e-01  3.38888466e-01  6.74420595e-02
 -5.17211556e-01  1.17195338e-01 -1.20780043e-01 -2.22059488e-01
 -5.57324179e-02  2.34013230e-01 -1.00069940e-02 -3.57622385e-01
 -9.52251852e-02 -5.03186584e-01 -1.72257289e-01  1.04665980e-01
 -2.86518514e-01  2.21670792e-01  1.05176598e-01 -1.13455914e-01
  3.56915414e-01 -5.88656366e-02  9.33618918e-02 -9.31374170e-03
  2.67754376e-01  1.18408240e-01 -2.04451352e-01 -1.83597863e-01
 -1.56827308e-02  3.99381906e-01  1.28276840e-01 -8.09171796e-02
 -8.59023631e-02  1.06570736e-01 -1.88063860e-01  1.49910733e-01
  2.13049144e-01 -1.59247190e-01 -1.07436307e-01  1.74402758e-01
  3.36019635e-01 -1.58183306e-01 -3.28632504e-01 -2.54294246e-01
  2.69722100e-02  1.51350856e-01  1.96814641e-01  1.95177749e-01
 -3.19307834e-01 -2.24389777e-01 -7.20229149e-02 -1.89925194e-01
 -2.44870186e-01 -1.91956848e-01  4.08463478e-01  2.93942504e-02
 -5.94473258e-02 -1.89223364e-01  2.24975824e-01 -1.97262272e-01
  4.00377996e-02 -3.25888507e-02  2.58010447e-01 -1.15628578e-01
 -2.40368024e-01  1.77791789e-01  5.30647516e-01  2.70552665e-01
  7.29753077e-02  6.23758920e-02  2.54739195e-01  3.51669848e-01
  2.98512191e-01 -5.08502200e-02  3.83350372e-01 -3.69497001e-01
 -2.36891471e-02 -3.91114026e-01  2.85292149e-01 -6.43875729e-03
 -1.83307141e-01  1.87646240e-01 -7.69085437e-02 -1.55818909e-01
  9.35985819e-02  1.96943402e-01  5.20091467e-02  1.79784909e-01
  1.34660631e-01  5.65290526e-02  2.19223589e-01 -7.37208724e-02
  1.59749746e-01 -9.28865522e-02  8.17628950e-03 -2.34672397e-01
  2.03504056e-01 -8.93670917e-02 -4.09689872e-03 -2.65566736e-01
 -1.43810140e-03 -1.24334633e-01 -4.27838080e-02 -2.90812869e-02
  2.78044373e-01  4.97793913e-01  1.65541425e-01 -1.65016532e-01
 -9.03045833e-02  5.81696210e-03 -4.88491431e-02  1.93801984e-01
  4.17674869e-01 -1.15144305e-01 -2.40594789e-01 -3.20729345e-01
 -4.34874222e-02 -2.42726296e-01 -1.88856810e-01  3.62375706e-01
  4.96289074e-01 -1.02480361e-02 -1.83520406e-01 -2.41634011e-01
  7.57879317e-02  4.48060006e-01  5.72449975e-02  3.55335563e-01
 -8.15451965e-02  2.93557942e-01 -2.26120025e-01  1.00869194e-01
  6.47595664e-03  1.42993033e-01 -2.19287336e-01 -3.63351494e-01
 -6.37093708e-02  9.04405341e-02  2.67211914e-01 -7.09808692e-02
 -7.06558451e-02  4.96698990e-02  9.95267183e-02 -2.20628500e-01
  3.47550935e-03  2.20058560e-02  2.43574500e-01  4.11157995e-01
  2.92588085e-01  2.63939947e-01  1.94609493e-01 -5.25181629e-02
  2.08392158e-01  9.36244950e-02 -4.81095076e-01  2.51357526e-01
 -1.76139265e-01  4.04499322e-01 -1.36374503e-01 -1.45277083e-01
 -2.55422771e-01  3.07091624e-01  1.17721438e-01  3.34400564e-01
  2.08579287e-01 -3.54952924e-02  2.05002632e-02 -2.98548698e-01
  7.64781013e-02 -3.11517984e-01 -1.62629113e-01  1.37375548e-01
 -1.91510454e-01  2.10296869e-01 -2.70913213e-01 -1.14722379e-01
  9.90854204e-02 -4.19689156e-02  1.03150383e-01 -1.66904792e-01
 -7.11395442e-02 -4.65316065e-02  4.19500649e-01  2.58560687e-01
  1.26199067e-01  2.75743335e-01  1.43509880e-02 -7.36777708e-02
 -1.18523277e-01  2.48233274e-01  3.85510214e-02 -5.32119088e-02
  4.62629259e-01  4.01862478e-03  3.62874508e-01 -1.31283000e-01
  2.41784051e-01 -7.76043441e-03  2.01439202e-01  1.74881756e-01
 -2.86628276e-01  3.04294918e-02  7.45804235e-03  7.28257224e-02
 -8.94704834e-02  2.90211618e-01 -1.08936608e-01  2.91017264e-01
 -6.91130832e-02  5.86605370e-01 -1.29407449e-02  8.74620602e-02
 -3.43594775e-02  3.49582404e-01 -2.80715823e-01 -1.43893570e-01
  1.23809159e-01  3.97789776e-01  8.98168981e-03 -6.18287884e-02
 -6.74663670e-03  4.29221302e-01 -4.02493745e-01  2.18724176e-01
  3.49521309e-01 -5.66818425e-03  1.22150294e-01 -1.03991181e-01
  2.72161067e-01 -5.99713139e-02 -1.17170937e-01  1.31218940e-01
  1.05102085e-01  2.21315563e-01  3.12683761e-01  6.83049932e-02
 -9.44018140e-02 -1.35667160e-01  2.15981692e-01  7.21527785e-02
 -1.83981538e-01 -6.73046708e-02  3.43113601e-01  1.28847167e-01
  2.11325616e-01 -1.53084159e-01 -7.83305466e-02  1.02074603e-02]","{'id': ['0', '1', '2'], 'source': ['Các tổ chức đoàn thể.txt']}",1
